Город,Адрес,Площадь м2,Год,Этажей,Жилых помещений
Новороссийск,"12-й км., 6",692.1,1966,2,17
Новороссийск,"Литейный пер., 38",6742.5,1989,9,162
Новороссийск,"пр-кт Дзержинского, 158",2891.3,1970,5,56
Новороссийск,"пр-кт Дзержинского, 160",4681.9,1971,6,96
Новороссийск,"пр-кт Дзержинского, 162",3902.07,1969,5,180
Новороссийск,"пр-кт Дзержинского, 164",4814.6,1969,5,90
Новороссийск,"пр-кт Дзержинского, 164А",3134.3,1975,5,60
Новороссийск,"пр-кт Дзержинского, 168",3160.8,1970,5,60
Новороссийск,"пр-кт Дзержинского, 172",4759.4,1974,5,72
Новороссийск,"пр-кт Дзержинского, 174",3236.7,1972,5,54
Новороссийск,"пр-кт Дзержинского, 183",8536,2006,16,71
Новороссийск,"пр-кт Дзержинского, 185",11741.2,1980,9,160
Новороссийск,"пр-кт Дзержинского, 187",11921.8,1981,9,160
Новороссийск,"пр-кт Дзержинского, 189",3243.8,1978,5,60
Новороссийск,"пр-кт Дзержинского, 191",3162.6,1978,5,60
Новороссийск,"пр-кт Дзержинского, 192",9211.5,2006,17,92
Новороссийск,"пр-кт Дзержинского, 194",9256.8,2006,17,109
Новороссийск,"пр-кт Дзержинского, 195",3476.5,1979,5,60
Новороссийск,"пр-кт Дзержинского, 197",10856.8,1982,9,160
Новороссийск,"пр-кт Дзержинского, 198",8048.4,1991,10,150
Новороссийск,"пр-кт Дзержинского, 199",5451.9,1980,9,170
Новороссийск,"пр-кт Дзержинского, 199А",4627.9,1999,10,57
Новороссийск,"пр-кт Дзержинского, 201",2287.1,1982,9,37
Новороссийск,"пр-кт Дзержинского, 202",6629.8,1999,10,120
Новороссийск,"пр-кт Дзержинского, 203",3119,1983,9,36
Новороссийск,"пр-кт Дзержинского, 204",16789.8,1995,10,271
Новороссийск,"пр-кт Дзержинского, 205",4197.5,1983,5,120
Новороссийск,"пр-кт Дзержинского, 205А",5482.3,1994,16,60
Новороссийск,"пр-кт Дзержинского, 205Б",5014.6,1999,16,75
Новороссийск,"пр-кт Дзержинского, 206",10627.7,1992,10,271
Новороссийск,"пр-кт Дзержинского, 207",7258.8,1985,10,98
Новороссийск,"пр-кт Дзержинского, 209",10184.4,1985,9,154
Новороссийск,"пр-кт Дзержинского, 210",9536.8,1990,10,148
Новороссийск,"пр-кт Дзержинского, 213А",9041.1,2017,15,76
Новороссийск,"пр-кт Дзержинского, 215",5726.4,1986,9,162
Новороссийск,"пр-кт Дзержинского, 216",3591.8,1992,10,76
Новороссийск,"пр-кт Дзержинского, 216А",3986.8,1991,10,70
Новороссийск,"пр-кт Дзержинского, 217",17001.1,1991,9,339
Новороссийск,"пр-кт Дзержинского, 217А",7636.1,2016,17,100
Новороссийск,"пр-кт Дзержинского, 218",7157.9,1996,10,179
Новороссийск,"пр-кт Дзержинского, 219",12755.6,2005,9,180
Новороссийск,"пр-кт Дзержинского, 219А",3560.4,2006,9,32
Новороссийск,"пр-кт Дзержинского, 220/2",8891.3,—,10,148
Новороссийск,"пр-кт Дзержинского, 221",7464.6,2015,20,112
Новороссийск,"пр-кт Дзержинского, 221А",18525.3,2017,19,226
Новороссийск,"пр-кт Дзержинского, 223",4404.76,2005,9,81
Новороссийск,"пр-кт Дзержинского, 223А",13107.4,2013,17,176
Новороссийск,"пр-кт Дзержинского, 224",13462.6,2009,14,385
Новороссийск,"пр-кт Дзержинского, 225",7619.2,2008,10,65
Новороссийск,"пр-кт Дзержинского, 226",9015,2007,17,105
Новороссийск,"пр-кт Дзержинского, 228",8214.9,2007,17,105
Новороссийск,"пр-кт Дзержинского, 230",9041.5,2007,17,105
Новороссийск,"пр-кт Дзержинского, 231",17144.8,2015,20,228
Новороссийск,"пр-кт Дзержинского, 232",9948.4,2011,17,102
Новороссийск,"пр-кт Дзержинского, 234",3132.6,2012,9,89
Новороссийск,"пр-кт Дзержинского, 238",17972.7,2018,16,256
Новороссийск,"пр-кт Дзержинского, 240",17982.7,2018,16,271
Новороссийск,"пр-кт Дзержинского, 244 корпус 10",6774,2017,17,85
Новороссийск,"пр-кт Дзержинского, 244 корпус 11",6773.9,2017,17,85
Новороссийск,"пр-кт Дзержинского, 244 корпус 5",5536.4,2019,17,85
Новороссийск,"пр-кт Дзержинского, 244 корпус 6",6767.5,2018,17,85
Новороссийск,"пр-кт Дзержинского, 244 корпус 7",6769,2017,17,85
Новороссийск,"пр-кт Дзержинского, 244 корпус 8",6612,2018,17,85
Новороссийск,"пр-кт Дзержинского, 244 корпус 9",6759.6,2017,17,85
Новороссийск,"пр-кт Дзержинского, 247",14819,2021,20,—
Новороссийск,"пр-кт Ленина, 10",3449.7,1961,5,65
Новороссийск,"пр-кт Ленина, 101",7948.6,2011,18,160
Новороссийск,"пр-кт Ленина, 103",60.9,2010,16,272
Новороссийск,"пр-кт Ленина, 105",9007.1,2011,16,126
Новороссийск,"пр-кт Ленина, 107",23548.1,2010,16,302
Новороссийск,"пр-кт Ленина, 109",6437.9,2013,16,105
Новороссийск,"пр-кт Ленина, 11",6726.6,1967,5,124
Новороссийск,"пр-кт Ленина, 12",2738.5,—,5,60
Новороссийск,"пр-кт Ленина, 13",3218.5,—,5,—
Новороссийск,"пр-кт Ленина, 14",2743.8,1961,5,59
Новороссийск,"пр-кт Ленина, 15",3228.3,—,5,—
Новороссийск,"пр-кт Ленина, 16",2771.6,1961,5,60
Новороссийск,"пр-кт Ленина, 17",2963.3,1965,5,61
Новороссийск,"пр-кт Ленина, 18",3860.12,1962,5,68
Новороссийск,"пр-кт Ленина, 19",2726.6,—,5,—
Новороссийск,"пр-кт Ленина, 2",3469.7,1967,5,76
Новороссийск,"пр-кт Ленина, 20",3471.9,1963,5,76
Новороссийск,"пр-кт Ленина, 21",3592.7,1964,5,74
Новороссийск,"пр-кт Ленина, 22",25447.9,1980,9,384
Новороссийск,"пр-кт Ленина, 23",2863.5,1962,4,54
Новороссийск,"пр-кт Ленина, 24",3611.7,1965,5,80
Новороссийск,"пр-кт Ленина, 25",3548.9,1963,5,64
Новороссийск,"пр-кт Ленина, 27",3085.5,1963,4,57
Новороссийск,"пр-кт Ленина, 28",3246.5,1965,5,80
Новороссийск,"пр-кт Ленина, 29",5167.7,1968,5,91
Новороссийск,"пр-кт Ленина, 31",5037.5,1968,5,93
Новороссийск,"пр-кт Ленина, 33",5729.69,1986,13,74
Новороссийск,"пр-кт Ленина, 34",3580.5,1964,5,80
Новороссийск,"пр-кт Ленина, 35",3208.7,1967,5,60
Новороссийск,"пр-кт Ленина, 36",3526.3,1964,5,80
Новороссийск,"пр-кт Ленина, 38",3597.4,1963,5,80
Новороссийск,"пр-кт Ленина, 39",4806.2,1991,5,90
Новороссийск,"пр-кт Ленина, 4",4025.1,1962,5,70
Новороссийск,"пр-кт Ленина, 40",2759.2,1961,4,58
Новороссийск,"пр-кт Ленина, 40А",3314.2,1976,5,60
Новороссийск,"пр-кт Ленина, 41",3162,1970,5,60
Новороссийск,"пр-кт Ленина, 42",2776.2,1960,4,64
Новороссийск,"пр-кт Ленина, 43",4739.1,1970,5,60
Новороссийск,"пр-кт Ленина, 44",2831,1959,4,64
Новороссийск,"пр-кт Ленина, 45",3052.9,2015,5,60
Новороссийск,"пр-кт Ленина, 47",4676.9,1974,5,90
Новороссийск,"пр-кт Ленина, 47А",1898.7,1987,9,36
Новороссийск,"пр-кт Ленина, 49",3157.4,1973,5,60
Новороссийск,"пр-кт Ленина, 5",3427.5,1962,5,65
Новороссийск,"пр-кт Ленина, 51",3291.2,1970,5,60
Новороссийск,"пр-кт Ленина, 52",38882,2017,20,528
Новороссийск,"пр-кт Ленина, 52А",34717.4,2018,20,480
Новороссийск,"пр-кт Ленина, 53",4301.7,1969,5,90
Новороссийск,"пр-кт Ленина, 55",4320.1,1970,5,92
Новороссийск,"пр-кт Ленина, 57",4803.3,—,5,90
Новороссийск,"пр-кт Ленина, 59",7174.1,1982,12,74
Новороссийск,"пр-кт Ленина, 6",2946.1,1963,5,60
Новороссийск,"пр-кт Ленина, 61",2988.4,—,5,60
Новороссийск,"пр-кт Ленина, 65",3100.5,1972,5,60
Новороссийск,"пр-кт Ленина, 67",4663.6,1973,5,90
Новороссийск,"пр-кт Ленина, 69",4427.6,1970,5,90
Новороссийск,"пр-кт Ленина, 7",3177,1963,5,64
Новороссийск,"пр-кт Ленина, 71",3116.7,1971,5,60
Новороссийск,"пр-кт Ленина, 75",4830.3,1969,5,89
Новороссийск,"пр-кт Ленина, 75",4830.3,1969,5,89
Новороссийск,"пр-кт Ленина, 77",4899.9,1971,5,90
Новороссийск,"пр-кт Ленина, 79",6675.6,1976,13,74
Новороссийск,"пр-кт Ленина, 81",2876.5,1970,5,60
Новороссийск,"пр-кт Ленина, 83",4761.6,1969,5,90
Новороссийск,"пр-кт Ленина, 85",4758.7,1971,5,90
Новороссийск,"пр-кт Ленина, 87",4398.8,1974,5,90
Новороссийск,"пр-кт Ленина, 9",3633.2,1963,5,64
Новороссийск,"пр-кт Ленина, 91/1",7857.5,1969,5,150
Новороссийск,"пр-кт Ленина, 91А",21609.1,2010,16,219
Новороссийск,"пр-кт Ленина, 95Г",18603.1,2018,16,180
Новороссийск,"пр-кт Ленина, 95Д",12643.6,2020,20,133
Новороссийск,"пр-кт Ленина, 95И",12256.7,2019,20,114
Новороссийск,"пр-кт Ленина, 99",26784,2012,16,343
Новороссийск,"пр-кт Ленина, 9А",4823.3,1992,17,75
Новороссийск,"пр-кт Ленина, 9Б",5830.9,1993,16,70
Новороссийск,"ул. Аршинцева, 3",428.7,1917,2,7
Новороссийск,"ул. Бориса Пупко, 1",11381.6,2018,16,105
Новороссийск,"ул. Бориса Пупко, 10",15258.1,2015,16,224
Новороссийск,"ул. Бориса Пупко, 3",19961.5,2017,10,261
Новороссийск,"ул. Бориса Пупко, 5",17024,2018,10,198
Новороссийск,"ул. Бориса Пупко, 5 корпус 1",17340.2,2020,25,192
Новороссийск,"ул. Бориса Пупко, 8",20370.6,2015,16,288
Новороссийск,"ул. Васенко, 32",278.5,1961,1,7
Новороссийск,"ул. Вербовая, 11",15603.6,2011,21,135
Новороссийск,"ул. Вербовая, 11А",10423.8,2011,20,135
Новороссийск,"ул. Вербовая, 13",6384.1,2012,16,80
Новороссийск,"ул. Вербовая, 15",6503.4,2010,17,80
Новороссийск,"ул. Вербовая, 17",4817.1,1994,10,80
Новороссийск,"ул. Вербовая, 17",4817.1,1994,10,80
Новороссийск,"ул. Вербовая, 21",4819.2,1995,10,80
Новороссийск,"ул. Вербовая, 3",8767.5,2009,9,87
Новороссийск,"ул. Вербовая, 5",6676.5,2008,9,90
Новороссийск,"ул. Вербовая, 7",6111.1,2009,9,71
Новороссийск,"ул. Вербовая, 9",9622.9,2010,9,97
Новороссийск,"ул. Видова, 100",19674.3,2020,21,266
Новороссийск,"ул. Видова, 116",3771.9,1979,6,60
Новороссийск,"ул. Видова, 119",4646.9,—,5,—
Новороссийск,"ул. Видова, 119А",2697.3,—,5,—
Новороссийск,"ул. Видова, 121",2958.3,1966,6,77
Новороссийск,"ул. Видова, 121А корпус 1",7658.8,2017,16,135
Новороссийск,"ул. Видова, 121А корпус 2",6803.7,2017,16,135
Новороссийск,"ул. Видова, 121А корпус 3",7901.8,2018,16,104
Новороссийск,"ул. Видова, 121А корпус 4",7160,2018,16,89
Новороссийск,"ул. Видова, 121А корпус 5",4298.8,2019,14,89
Новороссийск,"ул. Видова, 121А корпус 6",4782.2,2019,15,104
Новороссийск,"ул. Видова, 121А корпус 7",5118.7,2019,16,135
Новороссийск,"ул. Видова, 121А корпус 8",4429.2,2019,16,89
Новороссийск,"ул. Видова, 123",4286.2,1981,9,145
Новороссийск,"ул. Видова, 125",4693.5,1974,5,90
Новороссийск,"ул. Видова, 129",669.4,1961,2,16
Новороссийск,"ул. Видова, 131 корпус 1",240.7,1958,2,8
Новороссийск,"ул. Видова, 131 корпус 2",255.2,1958,2,8
Новороссийск,"ул. Видова, 133 корпус 1",259.1,1958,2,8
Новороссийск,"ул. Видова, 133 корпус 2",239.5,1958,2,8
Новороссийск,"ул. Видова, 135",2196.4,1969,6,43
Новороссийск,"ул. Видова, 137",3230.28,1982,5,47
Новороссийск,"ул. Видова, 137А",3786.8,1970,9,—
Новороссийск,"ул. Видова, 149",5361.1,2014,9,90
Новороссийск,"ул. Видова, 151",14039.9,2014,9,196
Новороссийск,"ул. Видова, 153",2222,—,10,—
Новороссийск,"ул. Видова, 153 корпус 1",20850.6,—,16,—
Новороссийск,"ул. Видова, 153 корпус 2",20912.8,—,16,—
Новороссийск,"ул. Видова, 156А",4611.7,1974,5,60
Новороссийск,"ул. Видова, 157",24476,2000,10,416
Новороссийск,"ул. Видова, 158",2276,1966,5,41
Новороссийск,"ул. Видова, 158А",5237.2,1979,9,64
Новороссийск,"ул. Видова, 160",3410.2,1967,5,63
Новороссийск,"ул. Видова, 160А",2366.1,1982,9,32
Новороссийск,"ул. Видова, 162",2106.2,1966,5,41
Новороссийск,"ул. Видова, 163А",4891.7,2006,9,73
Новороссийск,"ул. Видова, 163Б",3132.4,2008,9,36
Новороссийск,"ул. Видова, 164",4995.4,1966,5,89
Новороссийск,"ул. Видова, 164А",2378.7,1980,9,32
Новороссийск,"ул. Видова, 165",23549.5,1994,10,463
Новороссийск,"ул. Видова, 166",2127.2,1966,5,40
Новороссийск,"ул. Видова, 167",17045,1994,10,466
Новороссийск,"ул. Видова, 167Б",6197.2,2011,16,79
Новороссийск,"ул. Видова, 168",4777.5,1965,5,90
Новороссийск,"ул. Видова, 169",4274.6,1995,10,459
Новороссийск,"ул. Видова, 171",6065.8,2003,10,108
Новороссийск,"ул. Видова, 171 корпус А",1381.1,2010,11,24
Новороссийск,"ул. Видова, 172",3348.8,1966,5,63
Новороссийск,"ул. Видова, 173",20099.2,2001,10,340
Новороссийск,"ул. Видова, 174",2380.4,1978,9,32
Новороссийск,"ул. Видова, 176",3567.2,1966,5,64
Новороссийск,"ул. Видова, 176А",2652.8,1977,9,36
Новороссийск,"ул. Видова, 177",4593.2,2007,9,71
Новороссийск,"ул. Видова, 178",3522.5,1966,5,80
Новороссийск,"ул. Видова, 178А",2559.5,1976,9,32
Новороссийск,"ул. Видова, 180",3583,1967,5,80
Новороссийск,"ул. Видова, 182",3917.8,1970,6,185
Новороссийск,"ул. Видова, 182А",2854.9,1977,9,36
Новороссийск,"ул. Видова, 184",4255.8,1972,5,136
Новороссийск,"ул. Видова, 186",3829.8,1976,5,164
Новороссийск,"ул. Видова, 188",3917.3,1975,5,159
Новороссийск,"ул. Видова, 190",3398.2,1975,5,60
Новороссийск,"ул. Видова, 196",5870,2008,16,80
Новороссийск,"ул. Видова, 196А",6014.2,2009,16,80
Новороссийск,"ул. Видова, 210",1226.8,2011,6,28
Новороссийск,"ул. Видова, 210А",1297.7,2012,6,30
Новороссийск,"ул. Видова, 210Б",2604,2012,6,41
Новороссийск,"ул. Видова, 210В",776.2,2013,6,23
Новороссийск,"ул. Видова, 210Г",4591.3,2015,12,112
Новороссийск,"ул. Видова, 212",9659.2,2015,15,168
Новороссийск,"ул. Видова, 214",16993.1,2014,16,304
Новороссийск,"ул. Видова, 220",16949.1,2015,16,272
Новороссийск,"ул. Видова, 56",8707.3,1990,9,144
Новороссийск,"ул. Видова, 58",9696.8,1988,9,144
Новороссийск,"ул. Видова, 65",11708.2,2006,9,144
Новороссийск,"ул. Видова, 67",3618.5,1971,6,69
Новороссийск,"ул. Видова, 67А",4734.8,1972,5,89
Новороссийск,"ул. Видова, 7",1139.6,1961,3,24
Новороссийск,"ул. Видова, 79",9495.1,—,9,180
Новороссийск,"ул. Видова, 7А",2138,1963,4,43
Новороссийск,"ул. Видова, 81А",3520,1974,5,67
Новороссийск,"ул. Видова, 83",4284.4,1981,9,72
Новороссийск,"ул. Видова, 85",4293.7,1981,9,71
Новороссийск,"ул. Видова, 87",4248.7,1981,9,72
Новороссийск,"ул. Волгоградская, 10",3484.8,1979,5,60
Новороссийск,"ул. Волгоградская, 12",4381.3,1978,9,72
Новороссийск,"ул. Волгоградская, 14",4380.9,1978,9,72
Новороссийск,"ул. Волгоградская, 16",5154.91,1979,5,89
Новороссийск,"ул. Волгоградская, 18",3054.8,1979,5,60
Новороссийск,"ул. Волгоградская, 2",6624.7,1982,9,108
Новороссийск,"ул. Волгоградская, 20",6497.1,1979,9,108
Новороссийск,"ул. Волгоградская, 22",3463,1979,5,60
Новороссийск,"ул. Волгоградская, 24",3459.1,1979,5,60
Новороссийск,"ул. Волгоградская, 26",6517.8,1979,9,108
Новороссийск,"ул. Волгоградская, 26А",3412.4,1981,5,51
Новороссийск,"ул. Волгоградская, 28",3859.1,1980,9,72
Новороссийск,"ул. Волгоградская, 30",3860.7,1980,9,72
Новороссийск,"ул. Волгоградская, 32",4278.34,1980,9,72
Новороссийск,"ул. Волгоградская, 34/1",12269.4,1985,9,208
Новороссийск,"ул. Волгоградская, 36",6459.5,1985,9,161
Новороссийск,"ул. Волгоградская, 38",6783.7,1984,9,162
Новороссийск,"ул. Волгоградская, 4",4326.7,1978,8,72
Новороссийск,"ул. Волгоградская, 40",6450.4,1986,9,162
Новороссийск,"ул. Волгоградская, 42",5233.7,1985,10,162
Новороссийск,"ул. Волгоградская, 44",7083.3,1985,3,128
Новороссийск,"ул. Волгоградская, 48",3876,1984,9,72
Новороссийск,"ул. Волгоградская, 50",4247,1983,9,72
Новороссийск,"ул. Волгоградская, 52",4292.7,1983,9,72
Новороссийск,"ул. Волгоградская, 54",5971.3,1983,9,90
Новороссийск,"ул. Волгоградская, 6",4302.4,1979,9,72
Новороссийск,"ул. Волгоградская, 8",3852.5,1979,9,72
Новороссийск,"ул. Гайдара, 25",3073.7,1972,5,65
Новороссийск,"ул. Гайдара, 27",5127.4,1973,5,93
Новороссийск,"ул. Героев Десантников, 10",8058.5,1984,9,135
Новороссийск,"ул. Героев Десантников, 11",4572.5,1971,5,90
Новороссийск,"ул. Героев Десантников, 12",6533.8,1983,9,108
Новороссийск,"ул. Героев Десантников, 14",8575.3,1984,9,141
Новороссийск,"ул. Героев Десантников, 15",2078.3,1981,9,36
Новороссийск,"ул. Героев Десантников, 17",2301.4,1972,9,36
Новороссийск,"ул. Героев Десантников, 18",9708,1986,10,130
Новороссийск,"ул. Героев Десантников, 19",3206.5,1971,5,60
Новороссийск,"ул. Героев Десантников, 20",4293.2,1984,9,70
Новороссийск,"ул. Героев Десантников, 21",4798.71,1971,5,90
Новороссийск,"ул. Героев Десантников, 22",5173.8,1985,9,66
Новороссийск,"ул. Героев Десантников, 23",4996.41,1970,5,90
Новороссийск,"ул. Героев Десантников, 24",7607.6,1984,9,143
Новороссийск,"ул. Героев Десантников, 25",2272.5,1972,9,35
Новороссийск,"ул. Героев Десантников, 27",4605.4,1973,5,90
Новороссийск,"ул. Героев Десантников, 28",3011.3,1985,5,60
Новороссийск,"ул. Героев Десантников, 3",2421.3,1975,9,36
Новороссийск,"ул. Героев Десантников, 30",4188.7,1984,9,72
Новороссийск,"ул. Героев Десантников, 31",4759.8,1967,5,90
Новороссийск,"ул. Героев Десантников, 32",3055,1986,5,60
Новороссийск,"ул. Героев Десантников, 33",3390.2,1972,5,59
Новороссийск,"ул. Героев Десантников, 33А",2349.8,1981,9,36
Новороссийск,"ул. Героев Десантников, 34",4113.1,1985,9,72
Новороссийск,"ул. Героев Десантников, 35",4764.9,1969,5,90
Новороссийск,"ул. Героев Десантников, 35А",2332.2,1978,9,36
Новороссийск,"ул. Героев Десантников, 36",3576.4,1987,5,60
Новороссийск,"ул. Героев Десантников, 37",3213.4,1970,5,59
Новороссийск,"ул. Героев Десантников, 38",4253.7,1984,9,72
Новороссийск,"ул. Героев Десантников, 39",3239.6,1974,5,55
Новороссийск,"ул. Героев Десантников, 39А",5059.3,1975,5,96
Новороссийск,"ул. Героев Десантников, 47",4529.8,1979,6,158
Новороссийск,"ул. Героев Десантников, 49",4434.3,1981,9,72
Новороссийск,"ул. Героев Десантников, 5",2292.9,1975,9,36
Новороссийск,"ул. Героев Десантников, 51",3443.8,1980,5,60
Новороссийск,"ул. Героев Десантников, 53",3371.7,1980,5,48
Новороссийск,"ул. Героев Десантников, 55",4387.6,1980,9,72
Новороссийск,"ул. Героев Десантников, 55А",3598.1,1989,9,50
Новороссийск,"ул. Героев Десантников, 57",4332.1,1980,9,72
Новороссийск,"ул. Героев Десантников, 59",4505.2,1979,5,119
Новороссийск,"ул. Героев Десантников, 61",3389.1,1980,5,48
Новороссийск,"ул. Героев Десантников, 61А",6473.61,1983,9,108
Новороссийск,"ул. Героев Десантников, 65 корпус 1",9716.2,1989,9,117
Новороссийск,"ул. Героев Десантников, 65 корпус 2",4490.3,1989,9,58
Новороссийск,"ул. Героев Десантников, 65 корпус 3",2955.3,1988,9,53
Новороссийск,"ул. Героев Десантников, 69",3439.9,1986,5,60
Новороссийск,"ул. Героев Десантников, 7",3317.9,1972,5,48
Новороссийск,"ул. Героев Десантников, 71",4285,1986,9,72
Новороссийск,"ул. Героев Десантников, 73",5160.9,1988,5,90
Новороссийск,"ул. Героев Десантников, 73А",4425.3,1987,9,72
Новороссийск,"ул. Героев Десантников, 75",2557.4,1987,9,34
Новороссийск,"ул. Героев Десантников, 79",4627.1,1984,9,64
Новороссийск,"ул. Героев Десантников, 81",4757.2,1984,9,64
Новороссийск,"ул. Героев Десантников, 83",4475.1,1985,9,64
Новороссийск,"ул. Героев Десантников, 85",4117.2,1985,5,130
Новороссийск,"ул. Героев Десантников, 87",5077.2,1986,9,67
Новороссийск,"ул. Героев Десантников, 89",4266.5,1985,9,64
Новороссийск,"ул. Героев Десантников, 9",2125.1,1973,5,101
Новороссийск,"ул. Героев Десантников, 91",2328,1986,9,33
Новороссийск,"ул. Героев Десантников, 95",5316.9,1982,9,171
Новороссийск,"ул. Героев Десантников, 97",4287.3,1982,9,72
Новороссийск,"ул. Гладкова, 18",1286.5,—,1,—
Новороссийск,"ул. Григорьева, 10",13822.2,2018,16,192
Новороссийск,"ул. Дзержинского, 120",1916.3,—,5,—
Новороссийск,"ул. Дзержинского, 126",4667.1,1988,9,72
Новороссийск,"ул. Дзержинского, 128",4538.5,1988,9,72
Новороссийск,"ул. Дзержинского, 130",4455.8,1988,9,72
Новороссийск,"ул. Дзержинского, 132",4297.7,1988,9,72
Новороссийск,"ул. Дзержинского, 134",4299.7,1988,9,72
Новороссийск,"ул. Дзержинского, 136",4353.7,1988,9,72
Новороссийск,"ул. Дзержинского, 138",4301.3,1987,9,72
Новороссийск,"ул. Дзержинского, 140",4291.3,1988,9,72
Новороссийск,"ул. Дзержинского, 150",4773.6,1994,10,80
Новороссийск,"ул. Дзержинского, 152",4785.9,1992,10,80
Новороссийск,"ул. Дзержинского, 154",5226.1,1993,10,76
Новороссийск,"ул. Дзержинского, 156",2604.7,1994,10,38
Новороссийск,"ул. Днестровская, 2",3876.1,1966,5,88
Новороссийск,"ул. Днестровская, 4",3570.5,1967,5,80
Новороссийск,"ул. Жуковского, 11",452.4,—,2,—
Новороссийск,"ул. Золотаревского, 10",3885.5,1980,9,—
Новороссийск,"ул. Золотаревского, 12",4752.8,1981,9,72
Новороссийск,"ул. Золотаревского, 2",4310.82,1987,9,72
Новороссийск,"ул. Золотаревского, 2А",6208,1986,9,108
Новороссийск,"ул. Золотаревского, 4",5305.2,1980,5,88
Новороссийск,"ул. Золотаревского, 8",4487.9,1981,9,72
Новороссийск,"ул. Золотаревского, 8А",11259,2019,18,200
Новороссийск,"ул. Индустриальная, 5",436.3,1958,2,8
Новороссийск,"ул. Индустриальная, 6",550.7,1960,2,16
Новороссийск,"ул. Исаева, 1",27590.6,—,18,104
Новороссийск,"ул. Исаева, 13",2033.9,1961,4,43
Новороссийск,"ул. Исаева, 23",382.7,1953,2,8
Новороссийск,"ул. Исаева, 25",540.2,—,2,—
Новороссийск,"ул. Исаева, 38",392.6,1953,2,8
Новороссийск,"ул. Исаева, 4",16869.4,1984,10,130
Новороссийск,"ул. Исаева, 40",374.6,—,2,—
Новороссийск,"ул. Исаева, 6",16912.8,1988,9,188
Новороссийск,"ул. Исаева, 8",933.6,—,4,—
Новороссийск,"ул. Карамзина, 53",8389.5,1986,9,144
Новороссийск,"ул. Козлова, 72",23408.8,2014,16,278
Новороссийск,"ул. Конституции, 22",4462.1,2011,8,28
Новороссийск,"ул. Корницкого, 24",2337.6,1974,9,34
Новороссийск,"ул. Куникова, 1",11695,2021,17,150
Новороссийск,"ул. Куникова, 102",2975.53,1978,9,107
Новороссийск,"ул. Куникова, 104",5474.52,1984,9,171
Новороссийск,"ул. Куникова, 11",9979.8,1993,10,150
Новороссийск,"ул. Куникова, 19",8428.1,1986,9,144
Новороссийск,"ул. Куникова, 20А",11125.1,2017,17,139
Новороссийск,"ул. Куникова, 21",4015.3,2004,10,64
Новороссийск,"ул. Куникова, 3",528,1958,2,16
Новороссийск,"ул. Куникова, 34",6274.2,—,9,—
Новороссийск,"ул. Куникова, 36",6871.7,1977,5,119
Новороссийск,"ул. Куникова, 38",5177.2,1978,5,90
Новороссийск,"ул. Куникова, 40",3414.3,1978,5,60
Новороссийск,"ул. Куникова, 42",4729.2,1977,5,90
Новороссийск,"ул. Куникова, 44",4283.2,1979,9,72
Новороссийск,"ул. Куникова, 46",5157.2,1978,5,89
Новороссийск,"ул. Куникова, 48",2918.57,1981,9,34
Новороссийск,"ул. Куникова, 5",12162.8,2020,17,142
Новороссийск,"ул. Куникова, 50",4104.2,1978,5,90
Новороссийск,"ул. Куникова, 50А",5293.2,1982,9,170
Новороссийск,"ул. Куникова, 52",6533.5,1981,9,108
Новороссийск,"ул. Куникова, 52А",2418.7,—,10,—
Новороссийск,"ул. Куникова, 54",3878,1981,5,60
Новороссийск,"ул. Куникова, 55 корпус 1",34592.5,2020,21,446
Новороссийск,"ул. Куникова, 55 корпус 2",34561.6,2020,21,429
Новороссийск,"ул. Куникова, 58",3784.75,1982,5,120
Новороссийск,"ул. Куникова, 58А",3887.7,1983,5,120
Новороссийск,"ул. Куникова, 60",4598.4,1983,5,133
Новороссийск,"ул. Куникова, 60А",4186.1,1983,9,64
Новороссийск,"ул. Куникова, 62",3963.81,1982,5,120
Новороссийск,"ул. Куникова, 62А",2630,1984,9,34
Новороссийск,"ул. Куникова, 64",5234.4,1980,5,89
Новороссийск,"ул. Куникова, 64А",4789.3,1981,5,90
Новороссийск,"ул. Куникова, 66",5870.8,1980,9,108
Новороссийск,"ул. Куникова, 9",12335.9,1991,9,170
Новороссийск,"ул. Куникова, 92",3698.65,1977,9,154
Новороссийск,"ул. Куникова, 92А",4094.63,—,5,—
Новороссийск,"ул. Куникова, 92Б",1070.7,1980,5,60
Новороссийск,"ул. Куникова, 94",2019.6,1978,9,117
Новороссийск,"ул. Леднева, 8",3271.6,1960,5,80
Новороссийск,"ул. Леженина, 90",4045.7,1965,5,109
Новороссийск,"ул. Лермонтова, 10",174,1901,2,9
Новороссийск,"ул. Лермонтова, 8",168.6,1917,2,9
Новороссийск,"ул. Малоземельская, 10",174.8,1981,9,34
Новороссийск,"ул. Малоземельская, 11",3428.9,1987,5,60
Новороссийск,"ул. Малоземельская, 13",3427.8,1984,5,60
Новороссийск,"ул. Малоземельская, 14",3881.38,1982,9,72
Новороссийск,"ул. Малоземельская, 14А",22664.1,2013,16,262
Новороссийск,"ул. Малоземельская, 15",9186.82,1985,9,128
Новороссийск,"ул. Малоземельская, 19",2407.3,1987,9,33
Новороссийск,"ул. Малоземельская, 21",2307.7,1986,9,33
Новороссийск,"ул. Малоземельская, 23",2387.9,1986,9,33
Новороссийск,"ул. Малоземельская, 3",10684.1,1985,9,209
Новороссийск,"ул. Малоземельская, 4",3043.5,1981,9,32
Новороссийск,"ул. Малоземельская, 5",9222.5,1990,9,116
Новороссийск,"ул. Малоземельская, 6",1287.2,1981,9,34
Новороссийск,"ул. Малоземельская, 7",2282.5,1988,9,36
Новороссийск,"ул. Малоземельская, 8",2192.2,1984,9,32
Новороссийск,"ул. Малоземельская, 9",10295.6,1981,9,180
Новороссийск,"ул. Маркова, 5",449.6,1958,2,8
Новороссийск,"ул. Менжинского, 20/22",568.4,1960,2,16
Новороссийск,"ул. Мефодиевская, 110",7070.5,1993,10,116
Новороссийск,"ул. Мира, 10",4903.64,1932,4,68
Новороссийск,"ул. Мира, 10А",960.3,1999,4,12
Новороссийск,"ул. Мира, 12",3330.8,1948,4,44
Новороссийск,"ул. Мира, 14/4",3581.3,1957,5,49
Новороссийск,"ул. Мира, 15",1005.6,1950,3,15
Новороссийск,"ул. Мира, 16/18",4128.7,2007,9,35
Новороссийск,"ул. Мира, 19",2322.9,1958,4,64
Новороссийск,"ул. Мира, 20/22",2737.1,1958,4,47
Новороссийск,"ул. Мира, 24",16122.3,2008,12,116
Новороссийск,"ул. Мира, 25",1228.6,—,3,—
Новороссийск,"ул. Мира, 29",2218.6,1940,5,35
Новороссийск,"ул. Мира, 37",5429,1978,5,90
Новороссийск,"ул. Мира, 45",4244,1962,5,56
Новороссийск,"ул. Мира, 47",3323.8,1991,9,71
Новороссийск,"ул. Мира, 49",1517.4,1958,4,25
Новороссийск,"ул. Михайлова, 16А",390.7,—,2,—
Новороссийск,"ул. Молодежная, 10",5010.9,1994,10,79
Новороссийск,"ул. Молодежная, 12",4031.1,—,10,—
Новороссийск,"ул. Молодежная, 14",4468.5,2004,7,48
Новороссийск,"ул. Молодежная, 16",6569.5,2007,9,107
Новороссийск,"ул. Молодежная, 18",6263,2003,10,78
Новороссийск,"ул. Молодежная, 20",4661.36,1996,10,79
Новороссийск,"ул. Молодежная, 22",5893.7,1994,10,80
Новороссийск,"ул. Молодежная, 24",4638.8,1998,10,80
Новороссийск,"ул. Молодежная, 26",5096.7,—,10,—
Новороссийск,"ул. Молодежная, 28",10764,1996,10,187
Новороссийск,"ул. Молодежная, 28А",1594.7,2005,6,11
Новороссийск,"ул. Молодежная, 30",4258,1995,10,80
Новороссийск,"ул. Молодежная, 4",10563.2,1992,9,136
Новороссийск,"ул. Молодежная, 4А",2585.1,2004,10,17
Новороссийск,"ул. Молодежная, 6",4199.6,1993,9,72
Новороссийск,"ул. Молодежная, 8",9636.8,1993,9,161
Новороссийск,"ул. Молодежная, 8А",756.6,1996,6,5
Новороссийск,"ул. Мурата Ахеджака, 12 корпус 1",4773.95,2017,16,75
Новороссийск,"ул. Мурата Ахеджака, 16 корпус 1",17948.7,2019,25,192
Новороссийск,"ул. Мурата Ахеджака, 16 корпус 2",17552.5,2018,25,168
Новороссийск,"ул. Мурата Ахеджака, 17",33486.4,2021,16,492
Новороссийск,"ул. Мурата Ахеджака, 18",18155.2,2021,10,—
Новороссийск,"ул. Мурата Ахеджака, 21",18478,2019,16,224
Новороссийск,"ул. Мурата Ахеджака, 21 корпус 1",19472.9,2020,16,236
Новороссийск,"ул. Мурата Ахеджака, 22",22053.7,2015,16,352
Новороссийск,"ул. Мурата Ахеджака, 24",21918.7,2015,16,352
Новороссийск,"ул. Мурата Ахеджака, 3 корпус 1",17380.2,2019,21,—
Новороссийск,"ул. Мурата Ахеджака, 4",10200.1,2013,10,139
Новороссийск,"ул. Мурата Ахеджака, 6",27694.8,2014,17,368
Новороссийск,"ул. Октябрьская, 20А",199.5,1918,2,7
Новороссийск,"ул. Парк Б, 27",859.1,1912,2,27
Новороссийск,"ул. Парк Б, 29",302,1917,1,12
Новороссийск,"ул. Парк Б, 3",282.3,1954,1,18
Новороссийск,"ул. Пенайская, 14",488.9,1941,2,8
Новороссийск,"ул. Пенайская, 7",560.2,1947,2,12
Новороссийск,"ул. Пионерская, 12",2390,1997,10,40
Новороссийск,"ул. Пионерская, 14",3286.5,2018,9,54
Новороссийск,"ул. Пионерская, 15",6297.3,1996,10,110
Новороссийск,"ул. Пионерская, 17",8511.3,1994,10,150
Новороссийск,"ул. Пионерская, 18",9254.7,2014,16,112
Новороссийск,"ул. Пионерская, 19",2607.6,1994,11,39
Новороссийск,"ул. Пионерская, 21",3102.8,2007,11,74
Новороссийск,"ул. Пионерская, 21А",2435.2,2007,1,23
Новороссийск,"ул. Пионерская, 21А корпус 1",10493,2021,13,92
Новороссийск,"ул. Пионерская, 21Б",4770.7,2007,10,80
Новороссийск,"ул. Пионерская, 23",16014.3,2010,10,162
Новороссийск,"ул. Пионерская, 23А",9928.5,2013,19,108
Новороссийск,"ул. Пионерская, 23А корпус 2",12980.6,2013,19,108
Новороссийск,"ул. Пионерская, 25",8710.7,2000,10,149
Новороссийск,"ул. Пионерская, 27",5148.6,2001,10,—
Новороссийск,"ул. Пионерская, 33",9029.5,2007,9,108
Новороссийск,"ул. Пионерская, 37",3153.5,1994,5,60
Новороссийск,"ул. Пионерская, 39",9605.3,2006,9,104
Новороссийск,"ул. Пионерская, 43",9010.6,2012,17,105
Новороссийск,"ул. Пионерская, 45",9440.4,2014,16,105
Новороссийск,"ул. Пионерская, 8",7713.4,2014,10,104
Новороссийск,"ул. Пионерская, 9",10383.9,2014,16,160
Новороссийск,"ул. Победы, 20",1534.2,—,3,—
Новороссийск,"ул. Прямая, 33",5192.7,1978,5,173
Новороссийск,"ул. Свердлова, 16Б",3905.6,1976,5,48
Новороссийск,"ул. Свободы, 3/5",2665.2,—,4,50
Новороссийск,"ул. Свободы, 40",233.7,1917,1,6
Новороссийск,"ул. Свободы, 9/11",3427.7,—,4,59
Новороссийск,"ул. Советов, 10",3408.2,1962,5,64
Новороссийск,"ул. Советов, 11",2934.1,1957,4,24
Новороссийск,"ул. Советов, 12",2320.9,1958,4,32
Новороссийск,"ул. Советов, 13",4715.9,1964,5,78
Новороссийск,"ул. Советов, 16",3379.7,1961,5,80
Новороссийск,"ул. Советов, 2",6427.1,1965,5,160
Новороссийск,"ул. Советов, 2/6",7062.5,1965,5,160
Новороссийск,"ул. Советов, 20",3485.2,1962,5,80
Новороссийск,"ул. Советов, 21",3594.6,1959,5,47
Новороссийск,"ул. Советов, 22",5658.2,1953,3,16
Новороссийск,"ул. Советов, 23",6300.7,1995,5,68
Новороссийск,"ул. Советов, 24",1207.7,1953,3,17
Новороссийск,"ул. Советов, 26",3853.3,1954,4,53
Новороссийск,"ул. Советов, 34",1639.9,1940,4,16
Новороссийск,"ул. Советов, 34А",688.3,1940,4,18
Новороссийск,"ул. Советов, 52",1635.6,—,4,—
Новороссийск,"ул. Советов, 58",6339.2,1956,6,79
Новороссийск,"ул. Советов, 60",1789.7,1930,5,—
Новороссийск,"ул. Советов, 62",2467.6,1930,4,37
Новороссийск,"ул. Советов, 64",1736.4,—,5,—
Новороссийск,"ул. Советов, 66",3983.7,1950,5,40
Новороссийск,"ул. Советов, 68",4939.8,1958,5,67
Новороссийск,"ул. Советов, 7",3201.1,1955,4,24
Новороссийск,"ул. Советов, 70",538.3,1934,3,12
Новороссийск,"ул. Советов, 72",361,1917,2,14
Новороссийск,"ул. Советов, 74",1195.8,1934,3,20
Новороссийск,"ул. Суворовская, 2А",3582.44,1966,5,80
Новороссийск,"ул. Суворовская, 6",426.5,1953,2,8
Новороссийск,"ул. Суворовская, 8",415,1952,2,8
Новороссийск,"ул. Суджукская, 80",652.4,—,4,—
Новороссийск,"ул. Тихоступа, 17",531.2,1971,2,10
Новороссийск,"ул. Тихоступа, 7",195.2,1886,1,7
Новороссийск,"ул. Хворостянского, 13",4815,1994,10,80
Новороссийск,"ул. Цедрика, 4",1589.1,1960,5,37
Новороссийск,"ул. Черняховского, 10/12",1905.6,1959,3,24
Новороссийск,"ул. Черняховского, 17",8295.5,2013,17,78
Новороссийск,"ул. Черняховского, 19",9192.1,2009,18,90
Новороссийск,"ул. Черняховского, 21",9100.5,2013,17,74
Новороссийск,"ул. Черняховского, 3",3156,1964,5,80
Новороссийск,"ул. Черняховского, 4",427,1957,2,8
Новороссийск,"ул. Черняховского, 6",421.4,1957,2,8
Новороссийск,"ул. Шаумяна, 8",154.3,1927,1,3
Новороссийск,"ул. Щорса, 50Б",1195.8,—,5,—
Новороссийск,"ул. Элеваторная, 63",569.2,1961,2,16
Новороссийск,"ул. Энгельса, 35",1202.9,1955,3,12
Новороссийск,"ул. Энгельса, 35А",1217.3,1955,3,12
Новороссийск,"ул. Энгельса, 39",534.8,1920,2,12
Новороссийск,"ул. Энгельса, 41",685.5,1917,2,14
Новороссийск,"ул. Энгельса, 49",2290.88,1930,5,46
Новороссийск,"ул. Энгельса, 51",2191.8,—,4,—
Новороссийск,"ул. Энгельса, 55",2250.39,1956,4,99
Новороссийск,"ул. Энгельса, 57",1374.9,1930,2,26
Новороссийск,"ул. Энгельса, 63",430.2,1928,2,10
Новороссийск,"ул. Энгельса, 66",14000.5,1986,9,187
Новороссийск,"ул. Энгельса, 69А",187.8,1917,1,9
Новороссийск,"ул. Энгельса, 69Б",134.7,1917,2,6
Новороссийск,"ул. Энгельса, 70",2239.6,1954,4,31
Новороссийск,"ул. Энгельса, 71",4188.55,1948,4,33
Новороссийск,"ул. Энгельса, 72",638.7,1954,3,24
Новороссийск,"ул. Энгельса, 74",6414.3,1983,9,104
Новороссийск,"ул. Энгельса, 76",6684.8,1983,9,104
Новороссийск,"ул. Энгельса, 78",6438.2,1983,9,104
Новороссийск,"ул. Энгельса, 79",8393.9,2016,9,96
Новороссийск,"ул. Энгельса, 80",6683,1983,9,104
Новороссийск,"ул. Энгельса, 82",6198.42,1983,9,104
Новороссийск,"ул. Энгельса, 84",3435.7,1983,5,56
Новороссийск,"ул. Энгельса, 91",163.4,1917,1,5
Новороссийск,"ул. Энгельса, 93",27863,2020,23,274
Новороссийск,"ул. Энгельса, 95",18494.4,2018,17,304
Новороссийск,"ул. Энгельса, 98",1767.37,1959,4,48
Новороссийск,"ул. Южная, 1",12319.2,2008,16,320
Новороссийск,"ул. Южная, 10",12766.2,1994,10,240
Новороссийск,"ул. Южная, 10А",4532.6,2014,9,40
Новороссийск,"ул. Южная, 11",8091.7,2008,16,105
Новороссийск,"ул. Южная, 12",4442.8,2007,9,72
Новороссийск,"ул. Южная, 13",9714.5,2012,16,90
Новороссийск,"ул. Южная, 14",9177.8,2006,17,91
Новороссийск,"ул. Южная, 15",2478.5,2012,9,108
Новороссийск,"ул. Южная, 17",5465,2009,9,72
Новороссийск,"ул. Южная, 19",7880.1,2013,17,112
Новороссийск,"ул. Южная, 1А",7588.1,2013,10,90
Новороссийск,"ул. Южная, 21",33589,2014,16,385
Новороссийск,"ул. Южная, 23",10087.3,2013,16,105
Новороссийск,"ул. Южная, 25",16166.4,2015,9,216
Новороссийск,"ул. Южная, 27",39310.9,2017,17,385
Новороссийск,"ул. Южная, 29",9259.1,2016,16,112
Новороссийск,"ул. Южная, 5",9096,2008,16,91
Новороссийск,"ул. Южная, 6",14169.3,1993,10,230
Новороссийск,"ул. Южная, 7",21014.2,2011,9,261
Новороссийск,"ул. Южная, 9",4064.8,2013,16,385
Новороссийск,"ш. Анапское, 10",3494.4,1969,5,69
Новороссийск,"ш. Анапское, 66Б",3007.1,1976,5,60
Новороссийск,"ш. Мысхакское, 56",9373.2,1989,10,164
Новороссийск,"ш. Сухумское, 1",782.9,1960,2,26
